1,Insert,ordered,1
2,Insert,ordered,2
3,Insert,ordered,3
4,Insert,ordered,4
5,Insert,ordered,5
6,Insert,ordered,6
7,Insert,ordered,7
8,Insert,ordered,8
9,Insert,ordered,9
10,Insert,ordered,10
11,Insert,ordered,20
12,Insert,ordered,30
13,Insert,ordered,40
14,Insert,ordered,50
15,Insert,ordered,60
16,Insert,ordered,70
17,Insert,ordered,80
18,Insert,ordered,90
19,Insert,ordered,100
20,Insert,ordered,110
21,Insert,ordered,120
22,Insert,ordered,130
23,Insert,ordered,140
24,Insert,ordered,150
25,Insert,ordered,160
26,Insert,ordered,170
27,Insert,ordered,180
28,Insert,ordered,190
29,Insert,ordered,200
30,Insert,ordered,210
31,Insert,ordered,220
32,Insert,ordered,230
33,Insert,ordered,240
34,Insert,ordered,250
35,Insert,ordered,260
36,Insert,ordered,270
37,Insert,ordered,280
38,Insert,ordered,290
39,Insert,ordered,300
40,Insert,ordered,310
41,Insert,ordered,320
42,Insert,ordered,330
43,Insert,ordered,340
44,Insert,ordered,350
45,Insert,ordered,360
46,Insert,ordered,370
47,Insert,ordered,380
48,Insert,ordered,390
49,Insert,ordered,400
50,Insert,ordered,410
51,Insert,ordered,420
52,Insert,ordered,430
53,Insert,ordered,440
54,Insert,ordered,450
55,Insert,ordered,460
56,Insert,ordered,470
57,Insert,ordered,480
58,Insert,ordered,490
59,Insert,ordered,500
60,Insert,ordered,510
61,Insert,ordered,520
62,Insert,ordered,530
63,Insert,ordered,540
64,Insert,ordered,550
65,Insert,ordered,560
66,Insert,ordered,570
67,Insert,ordered,580
68,Insert,ordered,590
69,Insert,ordered,600
70,Insert,ordered,610
71,Insert,ordered,620
72,Insert,ordered,630
73,Insert,ordered,640
74,Insert,ordered,650
75,Insert,ordered,660
76,Insert,ordered,670
77,Insert,ordered,680
78,Insert,ordered,690
79,Insert,ordered,700
80,Insert,ordered,710
81,Insert,ordered,720
82,Insert,ordered,730
83,Insert,ordered,740
84,Insert,ordered,750
85,Insert,ordered,760
86,Insert,ordered,770
87,Insert,ordered,780
88,Insert,ordered,790
89,Insert,ordered,800
90,Insert,ordered,810
91,Insert,ordered,820
92,Insert,ordered,830
93,Insert,ordered,840
94,Insert,ordered,850
95,Insert,ordered,860
96,Insert,ordered,870
97,Insert,ordered,880
98,Insert,ordered,890
99,Insert,ordered,900
100,Insert,ordered,910
101,Insert,ordered,920
102,Insert,ordered,930
103,Insert,ordered,940
104,Insert,ordered,950
105,Insert,ordered,960
106,Insert,ordered,970
107,Insert,ordered,980
108,Insert,ordered,990
109,Insert,ordered,1000
110,Insert,ordered,1010
111,Insert,ordered,1020
112,Insert,ordered,1030
113,Insert,ordered,1040
114,Insert,ordered,1050
115,Insert,ordered,1060
116,Insert,ordered,1070
117,Insert,ordered,1080
118,Insert,ordered,1090
119,Insert,ordered,1100
120,Insert,ordered,1110
121,Insert,ordered,1120
122,Insert,ordered,1130
123,Insert,ordered,1140
124,Insert,ordered,1150
125,Insert,ordered,1160
126,Insert,ordered,1170
127,Insert,ordered,1180
128,Insert,ordered,1190
129,Insert,ordered,1200
130,Insert,ordered,1210
131,Insert,ordered,1220
132,Insert,ordered,1230
133,Insert,ordered,1240
134,Insert,ordered,1250
135,Insert,ordered,1260
136,Insert,ordered,1270
137,Insert,ordered,1280
138,Insert,ordered,1290
139,Insert,ordered,1300
140,Insert,ordered,1310
141,Insert,ordered,1320
142,Insert,ordered,1330
143,Insert,ordered,1340
144,Insert,ordered,1350
145,Insert,ordered,1360
146,Insert,ordered,1370
147,Insert,ordered,1380
148,Insert,ordered,1390
149,Insert,ordered,1400
150,Insert,ordered,1410
151,Insert,ordered,1420
152,Insert,ordered,1430
153,Insert,ordered,1440
154,Insert,ordered,1450
155,Insert,ordered,1460
156,Insert,ordered,1470
157,Insert,ordered,1480
158,Insert,ordered,1490
159,Insert,ordered,1500
160,Insert,ordered,1510
161,Insert,ordered,1520
162,Insert,ordered,1530
163,Insert,ordered,1540
164,Insert,ordered,1550
165,Insert,ordered,1560
166,Insert,ordered,1570
167,Insert,ordered,1580
168,Insert,ordered,1590
169,Insert,ordered,1600
170,Insert,ordered,1610
171,Insert,ordered,1620
172,Insert,ordered,1630
173,Insert,ordered,1640
174,Insert,ordered,1650
175,Insert,ordered,1660
176,Insert,ordered,1670
177,Insert,ordered,1680
178,Insert,ordered,1690
179,Insert,ordered,1700
180,Insert,ordered,1710
181,Insert,ordered,1720
182,Insert,ordered,1730
183,Insert,ordered,1740
184,Insert,ordered,1750
185,Insert,ordered,1760
186,Insert,ordered,1770
187,Insert,ordered,1780
188,Insert,ordered,1790
189,Insert,ordered,1800
190,Insert,ordered,1810
191,Insert,ordered,1820
192,Insert,ordered,1830
193,Insert,ordered,1840
194,Insert,ordered,1850
195,Insert,ordered,1860
196,Insert,ordered,1870
197,Insert,ordered,1880
198,Insert,ordered,1890
199,Insert,ordered,1900
200,Insert,ordered,1910
201,Insert,ordered,1920
202,Insert,ordered,1930
203,Insert,ordered,1940
204,Insert,ordered,1950
205,Insert,ordered,1960
206,Insert,ordered,1970
207,Insert,ordered,1980
208,Insert,ordered,1990
209,Insert,ordered,2000
210,Insert,ordered,2010
211,Insert,ordered,2020
212,Insert,ordered,2030
213,Insert,ordered,2040
214,Insert,ordered,2050
215,Insert,ordered,2060
216,Insert,ordered,2070
217,Insert,ordered,2080
218,Insert,ordered,2090
219,Insert,ordered,2100
220,Insert,ordered,2110
221,Insert,ordered,2120
222,Insert,ordered,2130
223,Insert,ordered,2140
224,Insert,ordered,2150
225,Insert,ordered,2160
226,Insert,ordered,2170
227,Insert,ordered,2180
228,Insert,ordered,2190
229,Insert,ordered,2200
230,Insert,ordered,2210
231,Insert,ordered,2220
232,Insert,ordered,2230
233,Insert,ordered,2240
234,Insert,ordered,2250
235,Insert,ordered,2260
236,Insert,ordered,2270
237,Insert,ordered,2280
238,Insert,ordered,2290
239,Insert,ordered,2300
240,Insert,ordered,2310
241,Insert,ordered,2320
242,Insert,ordered,2330
243,Insert,ordered,2340
244,Insert,ordered,2350
245,Insert,ordered,2360
246,Insert,ordered,2370
247,Insert,ordered,2380
248,Insert,ordered,2390
249,Insert,ordered,2400
250,Insert,ordered,2410
251,Insert,ordered,2420
252,Insert,ordered,2430
253,Insert,ordered,2440
254,Insert,ordered,2450
255,Insert,ordered,2460
256,Insert,ordered,2470
257,Insert,ordered,2480
258,Insert,ordered,2490
259,Insert,ordered,2500
260,Insert,ordered,2510
261,Insert,ordered,2520
262,Insert,ordered,2530
263,Insert,ordered,2540
264,Insert,ordered,2550
265,Insert,ordered,2560
266,Insert,ordered,2570
267,Insert,ordered,2580
268,Insert,ordered,2590
269,Insert,ordered,2600
270,Insert,ordered,2610
271,Insert,ordered,2620
272,Insert,ordered,2630
273,Insert,ordered,2640
274,Insert,ordered,2650
275,Insert,ordered,2660
276,Insert,ordered,2670
277,Insert,ordered,2680
278,Insert,ordered,2690
279,Insert,ordered,2700
280,Insert,ordered,2710
281,Insert,ordered,2720
282,Insert,ordered,2730
283,Insert,ordered,2740
284,Insert,ordered,2750
285,Insert,ordered,2760
286,Insert,ordered,2770
287,Insert,ordered,2780
288,Insert,ordered,2790
289,Insert,ordered,2800
290,Insert,ordered,2810
291,Insert,ordered,2820
292,Insert,ordered,2830
293,Insert,ordered,2840
294,Insert,ordered,2850
295,Insert,ordered,2860
296,Insert,ordered,2870
297,Insert,ordered,2880
298,Insert,ordered,2890
299,Insert,ordered,2900
300,Insert,ordered,2910
301,Insert,ordered,2920
302,Insert,ordered,2930
303,Insert,ordered,2940
304,Insert,ordered,2950
305,Insert,ordered,2960
306,Insert,ordered,2970
307,Insert,ordered,2980
308,Insert,ordered,2990
309,Insert,ordered,3000
310,Insert,ordered,3010
311,Insert,ordered,3020
312,Insert,ordered,3030
313,Insert,ordered,3040
314,Insert,ordered,3050
315,Insert,ordered,3060
316,Insert,ordered,3070
317,Insert,ordered,3080
318,Insert,ordered,3090
319,Insert,ordered,3100
320,Insert,ordered,3110
321,Insert,ordered,3120
322,Insert,ordered,3130
323,Insert,ordered,3140
324,Insert,ordered,3150
325,Insert,ordered,3160
326,Insert,ordered,3170
327,Insert,ordered,3180
328,Insert,ordered,3190
329,Insert,ordered,3200
330,Insert,ordered,3210
331,Insert,ordered,3220
332,Insert,ordered,3230
333,Insert,ordered,3240
334,Insert,ordered,3250
335,Insert,ordered,3260
336,Insert,ordered,3270
337,Insert,ordered,3280
338,Insert,ordered,3290
339,Insert,ordered,3300
340,Insert,ordered,3310
341,Insert,ordered,3320
342,Insert,ordered,3330
343,Insert,ordered,3340
344,Insert,ordered,3350
345,Insert,ordered,3360
346,Insert,ordered,3370
347,Insert,ordered,3380
348,Insert,ordered,3390
349,Insert,ordered,3400
350,Insert,ordered,3410
351,Insert,ordered,3420
352,Insert,ordered,3430
353,Insert,ordered,3440
354,Insert,ordered,3450
355,Insert,ordered,3460
356,Insert,ordered,3470
357,Insert,ordered,3480
358,Insert,ordered,3490
359,Insert,ordered,3500
360,Insert,ordered,3510
361,Insert,ordered,3520
362,Insert,ordered,3530
363,Insert,ordered,3540
364,Insert,ordered,3550
365,Insert,ordered,3560
366,Insert,ordered,3570
367,Insert,ordered,3580
368,Insert,ordered,3590
369,Insert,ordered,3600
370,Insert,ordered,3610
371,Insert,ordered,3620
372,Insert,ordered,3630
373,Insert,ordered,3640
374,Insert,ordered,3650
375,Insert,ordered,3660
376,Insert,ordered,3670
377,Insert,ordered,3680
378,Insert,ordered,3690
379,Insert,ordered,3700
380,Insert,ordered,3710
381,Insert,ordered,3720
382,Insert,ordered,3730
383,Insert,ordered,3740
384,Insert,ordered,3750
385,Insert,ordered,3760
386,Insert,ordered,3770
387,Insert,ordered,3780
388,Insert,ordered,3790
389,Insert,ordered,3800
390,Insert,ordered,3810
391,Insert,ordered,3820
392,Insert,ordered,3830
393,Insert,ordered,3840
394,Insert,ordered,3850
395,Insert,ordered,3860
396,Insert,ordered,3870
397,Insert,ordered,3880
398,Insert,ordered,3890
399,Insert,ordered,3900
400,Insert,ordered,3910
401,Insert,ordered,3920
402,Insert,ordered,3930
403,Insert,ordered,3940
404,Insert,ordered,3950
405,Insert,ordered,3960
406,Insert,ordered,3970
407,Insert,ordered,3980
408,Insert,ordered,3990
409,Insert,ordered,4000
410,Insert,ordered,4010
411,Insert,ordered,4020
412,Insert,ordered,4030
413,Insert,ordered,4040
414,Insert,ordered,4050
415,Insert,ordered,4060
416,Insert,ordered,4070
417,Insert,ordered,4080
418,Insert,ordered,4090
419,Insert,ordered,4100
420,Insert,ordered,4110
421,Insert,ordered,4120
422,Insert,ordered,4130
423,Insert,ordered,4140
424,Insert,ordered,4150
425,Insert,ordered,4160
426,Insert,ordered,4170
427,Insert,ordered,4180
428,Insert,ordered,4190
429,Insert,ordered,4200
430,Insert,ordered,4210
431,Insert,ordered,4220
432,Insert,ordered,4230
433,Insert,ordered,4240
434,Insert,ordered,4250
435,Insert,ordered,4260
436,Insert,ordered,4270
437,Insert,ordered,4280
438,Insert,ordered,4290
439,Insert,ordered,4300
440,Insert,ordered,4310
441,Insert,ordered,4320
442,Insert,ordered,4330
443,Insert,ordered,4340
444,Insert,ordered,4350
445,Insert,ordered,4360
446,Insert,ordered,4370
447,Insert,ordered,4380
448,Insert,ordered,4390
449,Insert,ordered,4400
450,Insert,ordered,4410
451,Insert,ordered,4420
452,Insert,ordered,4430
453,Insert,ordered,4440
454,Insert,ordered,4450
455,Insert,ordered,4460
456,Insert,ordered,4470
457,Insert,ordered,4480
458,Insert,ordered,4490
459,Insert,ordered,4500
460,Insert,ordered,4510
461,Insert,ordered,4520
462,Insert,ordered,4530
463,Insert,ordered,4540
464,Insert,ordered,4550
465,Insert,ordered,4560
466,Insert,ordered,4570
467,Insert,ordered,4580
468,Insert,ordered,4590
469,Insert,ordered,4600
470,Insert,ordered,4610
471,Insert,ordered,4620
472,Insert,ordered,4630
473,Insert,ordered,4640
474,Insert,ordered,4650
475,Insert,ordered,4660
476,Insert,ordered,4670
477,Insert,ordered,4680
478,Insert,ordered,4690
479,Insert,ordered,4700
480,Insert,ordered,4710
481,Insert,ordered,4720
482,Insert,ordered,4730
483,Insert,ordered,4740
484,Insert,ordered,4750
485,Insert,ordered,4760
486,Insert,ordered,4770
487,Insert,ordered,4780
488,Insert,ordered,4790
489,Insert,ordered,4800
490,Insert,ordered,4810
491,Insert,ordered,4820
492,Insert,ordered,4830
493,Insert,ordered,4840
494,Insert,ordered,4850
495,Insert,ordered,4860
496,Insert,ordered,4870
497,Insert,ordered,4880
498,Insert,ordered,4890
499,Insert,ordered,4900
500,Insert,ordered,4910
501,Insert,ordered,4920
502,Insert,ordered,4930
503,Insert,ordered,4940
504,Insert,ordered,4950
505,Insert,ordered,4960
506,Insert,ordered,4970
507,Insert,ordered,4980
508,Insert,ordered,4990
509,Insert,ordered,5000
510,Insert,ordered,5010
511,Insert,ordered,5020
512,Insert,ordered,5030
513,Insert,ordered,5040
514,Insert,ordered,5050
515,Insert,ordered,5060
516,Insert,ordered,5070
517,Insert,ordered,5080
518,Insert,ordered,5090
519,Insert,ordered,5100
520,Insert,ordered,5110
521,Insert,ordered,5120
522,Insert,ordered,5130
523,Insert,ordered,5140
524,Insert,ordered,5150
525,Insert,ordered,5160
526,Insert,ordered,5170
527,Insert,ordered,5180
528,Insert,ordered,5190
529,Insert,ordered,5200
530,Insert,ordered,5210
531,Insert,ordered,5220
532,Insert,ordered,5230
533,Insert,ordered,5240
534,Insert,ordered,5250
535,Insert,ordered,5260
536,Insert,ordered,5270
537,Insert,ordered,5280
538,Insert,ordered,5290
539,Insert,ordered,5300
540,Insert,ordered,5310
541,Insert,ordered,5320
542,Insert,ordered,5330
543,Insert,ordered,5340
544,Insert,ordered,5350
545,Insert,ordered,5360
546,Insert,ordered,5370
547,Insert,ordered,5380
548,Insert,ordered,5390
549,Insert,ordered,5400
550,Insert,ordered,5410
551,Insert,ordered,5420
552,Insert,ordered,5430
553,Insert,ordered,5440
554,Insert,ordered,5450
555,Insert,ordered,5460
556,Insert,ordered,5470
557,Insert,ordered,5480
558,Insert,ordered,5490
559,Insert,ordered,5500
560,Insert,ordered,5510
561,Insert,ordered,5520
562,Insert,ordered,5530
563,Insert,ordered,5540
564,Insert,ordered,5550
565,Insert,ordered,5560
566,Insert,ordered,5570
567,Insert,ordered,5580
568,Insert,ordered,5590
569,Insert,ordered,5600
570,Insert,ordered,5610
571,Insert,ordered,5620
572,Insert,ordered,5630
573,Insert,ordered,5640
574,Insert,ordered,5650
575,Insert,ordered,5660
576,Insert,ordered,5670
577,Insert,ordered,5680
578,Insert,ordered,5690
579,Insert,ordered,5700
580,Insert,ordered,5710
581,Insert,ordered,5720
582,Insert,ordered,5730
583,Insert,ordered,5740
584,Insert,ordered,5750
585,Insert,ordered,5760
586,Insert,ordered,5770
587,Insert,ordered,5780
588,Insert,ordered,5790
589,Insert,ordered,5800
590,Insert,ordered,5810
591,Insert,ordered,5820
592,Insert,ordered,5830
593,Insert,ordered,5840
594,Insert,ordered,5850
595,Insert,ordered,5860
596,Insert,ordered,5870
597,Insert,ordered,5880
598,Insert,ordered,5890
599,Insert,ordered,5900
600,Insert,ordered,5910
601,Insert,ordered,5920
602,Insert,ordered,5930
603,Insert,ordered,5940
604,Insert,ordered,5950
605,Insert,ordered,5960
606,Insert,ordered,5970
607,Insert,ordered,5980
608,Insert,ordered,5990
609,Insert,ordered,6000
610,Insert,ordered,6010
611,Insert,ordered,6020
612,Insert,ordered,6030
613,Insert,ordered,6040
614,Insert,ordered,6050
615,Insert,ordered,6060
616,Insert,ordered,6070
617,Insert,ordered,6080
618,Insert,ordered,6090
619,Insert,ordered,6100
620,Insert,ordered,6110
621,Insert,ordered,6120
622,Insert,ordered,6130
623,Insert,ordered,6140
624,Insert,ordered,6150
625,Insert,ordered,6160
626,Insert,ordered,6170
627,Insert,ordered,6180
628,Insert,ordered,6190
629,Insert,ordered,6200
630,Insert,ordered,6210
631,Insert,ordered,6220
632,Insert,ordered,6230
633,Insert,ordered,6240
634,Insert,ordered,6250
635,Insert,ordered,6260
636,Insert,ordered,6270
637,Insert,ordered,6280
638,Insert,ordered,6290
639,Insert,ordered,6300
640,Insert,ordered,6310
641,Insert,ordered,6320
642,Insert,ordered,6330
643,Insert,ordered,6340
644,Insert,ordered,6350
645,Insert,ordered,6360
646,Insert,ordered,6370
647,Insert,ordered,6380
648,Insert,ordered,6390
649,Insert,ordered,6400
650,Insert,ordered,6410
651,Insert,ordered,6420
652,Insert,ordered,6430
653,Insert,ordered,6440
654,Insert,ordered,6450
655,Insert,ordered,6460
656,Insert,ordered,6470
657,Insert,ordered,6480
658,Insert,ordered,6490
659,Insert,ordered,6500
660,Insert,ordered,6510
661,Insert,ordered,6520
662,Insert,ordered,6530
663,Insert,ordered,6540
664,Insert,ordered,6550
665,Insert,ordered,6560
666,Insert,ordered,6570
667,Insert,ordered,6580
668,Insert,ordered,6590
669,Insert,ordered,6600
670,Insert,ordered,6610
671,Insert,ordered,6620
672,Insert,ordered,6630
673,Insert,ordered,6640
674,Insert,ordered,6650
675,Insert,ordered,6660
676,Insert,ordered,6670
677,Insert,ordered,6680
678,Insert,ordered,6690
679,Insert,ordered,6700
680,Insert,ordered,6710
681,Insert,ordered,6720
682,Insert,ordered,6730
683,Insert,ordered,6740
684,Insert,ordered,6750
685,Insert,ordered,6760
686,Insert,ordered,6770
687,Insert,ordered,6780
688,Insert,ordered,6790
689,Insert,ordered,6800
690,Insert,ordered,6810
691,Insert,ordered,6820
692,Insert,ordered,6830
693,Insert,ordered,6840
694,Insert,ordered,6850
695,Insert,ordered,6860
696,Insert,ordered,6870
697,Insert,ordered,6880
698,Insert,ordered,6890
699,Insert,ordered,6900
700,Insert,ordered,6910
701,Insert,ordered,6920
702,Insert,ordered,6930
703,Insert,ordered,6940
704,Insert,ordered,6950
705,Insert,ordered,6960
706,Insert,ordered,6970
707,Insert,ordered,6980
708,Insert,ordered,6990
709,Insert,ordered,7000
710,Insert,ordered,7010
711,Insert,ordered,7020
712,Insert,ordered,7030
713,Insert,ordered,7040
714,Insert,ordered,7050
715,Insert,ordered,7060
716,Insert,ordered,7070
717,Insert,ordered,7080
718,Insert,ordered,7090
719,Insert,ordered,7100
720,Insert,ordered,7110
721,Insert,ordered,7120
722,Insert,ordered,7130
723,Insert,ordered,7140
724,Insert,ordered,7150
725,Insert,ordered,7160
726,Insert,ordered,7170
727,Insert,ordered,7180
728,Insert,ordered,7190
729,Insert,ordered,7200
730,Insert,ordered,7210
731,Insert,ordered,7220
732,Insert,ordered,7230
733,Insert,ordered,7240
734,Insert,ordered,7250
735,Insert,ordered,7260
736,Insert,ordered,7270
737,Insert,ordered,7280
738,Insert,ordered,7290
739,Insert,ordered,7300
740,Insert,ordered,7310
741,Insert,ordered,7320
742,Insert,ordered,7330
743,Insert,ordered,7340
744,Insert,ordered,7350
745,Insert,ordered,7360
746,Insert,ordered,7370
747,Insert,ordered,7380
748,Insert,ordered,7390
749,Insert,ordered,7400
750,Insert,ordered,7410
751,Insert,ordered,7420
752,Insert,ordered,7430
753,Insert,ordered,7440
754,Insert,ordered,7450
755,Insert,ordered,7460
756,Insert,ordered,7470
757,Insert,ordered,7480
758,Insert,ordered,7490
759,Insert,ordered,7500
760,Insert,ordered,7510
761,Insert,ordered,7520
762,Insert,ordered,7530
763,Insert,ordered,7540
764,Insert,ordered,7550
765,Insert,ordered,7560
766,Insert,ordered,7570
767,Insert,ordered,7580
768,Insert,ordered,7590
769,Insert,ordered,7600
770,Insert,ordered,7610
771,Insert,ordered,7620
772,Insert,ordered,7630
773,Insert,ordered,7640
774,Insert,ordered,7650
775,Insert,ordered,7660
776,Insert,ordered,7670
777,Insert,ordered,7680
778,Insert,ordered,7690
779,Insert,ordered,7700
780,Insert,ordered,7710
781,Insert,ordered,7720
782,Insert,ordered,7730
783,Insert,ordered,7740
784,Insert,ordered,7750
785,Insert,ordered,7760
786,Insert,ordered,7770
787,Insert,ordered,7780
788,Insert,ordered,7790
789,Insert,ordered,7800
790,Insert,ordered,7810
791,Insert,ordered,7820
792,Insert,ordered,7830
793,Insert,ordered,7840
794,Insert,ordered,7850
795,Insert,ordered,7860
796,Insert,ordered,7870
797,Insert,ordered,7880
798,Insert,ordered,7890
799,Insert,ordered,7900
800,Insert,ordered,7910
801,Insert,ordered,7920
802,Insert,ordered,7930
803,Insert,ordered,7940
804,Insert,ordered,7950
805,Insert,ordered,7960
806,Insert,ordered,7970
807,Insert,ordered,7980
808,Insert,ordered,7990
809,Insert,ordered,8000
810,Insert,ordered,8010
811,Insert,ordered,8020
812,Insert,ordered,8030
813,Insert,ordered,8040
814,Insert,ordered,8050
815,Insert,ordered,8060
816,Insert,ordered,8070
817,Insert,ordered,8080
818,Insert,ordered,8090
819,Insert,ordered,8100
820,Insert,ordered,8110
821,Insert,ordered,8120
822,Insert,ordered,8130
823,Insert,ordered,8140
824,Insert,ordered,8150
825,Insert,ordered,8160
826,Insert,ordered,8170
827,Insert,ordered,8180
828,Insert,ordered,8190
829,Insert,ordered,8200
830,Insert,ordered,8210
831,Insert,ordered,8220
832,Insert,ordered,8230
833,Insert,ordered,8240
834,Insert,ordered,8250
835,Insert,ordered,8260
836,Insert,ordered,8270
837,Insert,ordered,8280
838,Insert,ordered,8290
839,Insert,ordered,8300
840,Insert,ordered,8310
841,Insert,ordered,8320
842,Insert,ordered,8330
843,Insert,ordered,8340
844,Insert,ordered,8350
845,Insert,ordered,8360
846,Insert,ordered,8370
847,Insert,ordered,8380
848,Insert,ordered,8390
849,Insert,ordered,8400
850,Insert,ordered,8410
851,Insert,ordered,8420
852,Insert,ordered,8430
853,Insert,ordered,8440
854,Insert,ordered,8450
855,Insert,ordered,8460
856,Insert,ordered,8470
857,Insert,ordered,8480
858,Insert,ordered,8490
859,Insert,ordered,8500
860,Insert,ordered,8510
861,Insert,ordered,8520
862,Insert,ordered,8530
863,Insert,ordered,8540
864,Insert,ordered,8550
865,Insert,ordered,8560
866,Insert,ordered,8570
867,Insert,ordered,8580
868,Insert,ordered,8590
869,Insert,ordered,8600
870,Insert,ordered,8610
871,Insert,ordered,8620
872,Insert,ordered,8630
873,Insert,ordered,8640
874,Insert,ordered,8650
875,Insert,ordered,8660
876,Insert,ordered,8670
877,Insert,ordered,8680
878,Insert,ordered,8690
879,Insert,ordered,8700
880,Insert,ordered,8710
881,Insert,ordered,8720
882,Insert,ordered,8730
883,Insert,ordered,8740
884,Insert,ordered,8750
885,Insert,ordered,8760
886,Insert,ordered,8770
887,Insert,ordered,8780
888,Insert,ordered,8790
889,Insert,ordered,8800
890,Insert,ordered,8810
891,Insert,ordered,8820
892,Insert,ordered,8830
893,Insert,ordered,8840
894,Insert,ordered,8850
895,Insert,ordered,8860
896,Insert,ordered,8870
897,Insert,ordered,8880
898,Insert,ordered,8890
899,Insert,ordered,8900
900,Insert,ordered,8910
901,Insert,ordered,8920
902,Insert,ordered,8930
903,Insert,ordered,8940
904,Insert,ordered,8950
905,Insert,ordered,8960
906,Insert,ordered,8970
907,Insert,ordered,8980
908,Insert,ordered,8990
909,Insert,ordered,9000
910,Insert,ordered,9010
911,Insert,ordered,9020
912,Insert,ordered,9030
913,Insert,ordered,9040
914,Insert,ordered,9050
915,Insert,ordered,9060
916,Insert,ordered,9070
917,Insert,ordered,9080
918,Insert,ordered,9090
919,Insert,ordered,9100
920,Insert,ordered,9110
921,Insert,ordered,9120
922,Insert,ordered,9130
923,Insert,ordered,9140
924,Insert,ordered,9150
925,Insert,ordered,9160
926,Insert,ordered,9170
927,Insert,ordered,9180
928,Insert,ordered,9190
929,Insert,ordered,9200
930,Insert,ordered,9210
931,Insert,ordered,9220
932,Insert,ordered,9230
933,Insert,ordered,9240
934,Insert,ordered,9250
935,Insert,ordered,9260
936,Insert,ordered,9270
937,Insert,ordered,9280
938,Insert,ordered,9290
939,Insert,ordered,9300
940,Insert,ordered,9310
941,Insert,ordered,9320
942,Insert,ordered,9330
943,Insert,ordered,9340
944,Insert,ordered,9350
945,Insert,ordered,9360
946,Insert,ordered,9370
947,Insert,ordered,9380
948,Insert,ordered,9390
949,Insert,ordered,9400
950,Insert,ordered,9410
951,Insert,ordered,9420
952,Insert,ordered,9430
953,Insert,ordered,9440
954,Insert,ordered,9450
955,Insert,ordered,9460
956,Insert,ordered,9470
957,Insert,ordered,9480
958,Insert,ordered,9490
959,Insert,ordered,9500
960,Insert,ordered,9510
961,Insert,ordered,9520
962,Insert,ordered,9530
963,Insert,ordered,9540
964,Insert,ordered,9550
965,Insert,ordered,9560
966,Insert,ordered,9570
967,Insert,ordered,9580
968,Insert,ordered,9590
969,Insert,ordered,9600
970,Insert,ordered,9610
971,Insert,ordered,9620
972,Insert,ordered,9630
973,Insert,ordered,9640
974,Insert,ordered,9650
975,Insert,ordered,9660
976,Insert,ordered,9670
977,Insert,ordered,9680
978,Insert,ordered,9690
979,Insert,ordered,9700
980,Insert,ordered,9710
981,Insert,ordered,9720
982,Insert,ordered,9730
983,Insert,ordered,9740
984,Insert,ordered,9750
985,Insert,ordered,9760
986,Insert,ordered,9770
987,Insert,ordered,9780
988,Insert,ordered,9790
989,Insert,ordered,9800
990,Insert,ordered,9810
991,Insert,ordered,9820
992,Insert,ordered,9830
993,Insert,ordered,9840
994,Insert,ordered,9850
995,Insert,ordered,9860
996,Insert,ordered,9870
997,Insert,ordered,9880
998,Insert,ordered,9890
999,Insert,ordered,9900
1000,Insert,ordered,9910
1001,Insert,ordered,9920
1002,Insert,ordered,9930
1003,Insert,ordered,9940
1004,Insert,ordered,9950
1005,Insert,ordered,9960
1006,Insert,ordered,9970
1007,Insert,ordered,9980
1008,Insert,ordered,9990
1009,Insert,ordered,10000
1010,Insert,ordered,20000
1011,Insert,ordered,30000
1012,Insert,ordered,40000
1013,Insert,ordered,50000
1014,Insert,ordered,60000
1015,Insert,ordered,70000
1016,Insert,ordered,80000
1017,Insert,ordered,90000
1018,Insert,ordered,100000
1019,Insert,shuffled,1
1020,Insert,shuffled,2
1021,Insert,shuffled,3
1022,Insert,shuffled,4
1023,Insert,shuffled,5
1024,Insert,shuffled,6
1025,Insert,shuffled,7
1026,Insert,shuffled,8
1027,Insert,shuffled,9
1028,Insert,shuffled,10
1029,Insert,shuffled,20
1030,Insert,shuffled,30
1031,Insert,shuffled,40
1032,Insert,shuffled,50
1033,Insert,shuffled,60
1034,Insert,shuffled,70
1035,Insert,shuffled,80
1036,Insert,shuffled,90
1037,Insert,shuffled,100
1038,Insert,shuffled,110
1039,Insert,shuffled,120
1040,Insert,shuffled,130
1041,Insert,shuffled,140
1042,Insert,shuffled,150
1043,Insert,shuffled,160
1044,Insert,shuffled,170
1045,Insert,shuffled,180
1046,Insert,shuffled,190
1047,Insert,shuffled,200
1048,Insert,shuffled,210
1049,Insert,shuffled,220
1050,Insert,shuffled,230
1051,Insert,shuffled,240
1052,Insert,shuffled,250
1053,Insert,shuffled,260
1054,Insert,shuffled,270
1055,Insert,shuffled,280
1056,Insert,shuffled,290
1057,Insert,shuffled,300
1058,Insert,shuffled,310
1059,Insert,shuffled,320
1060,Insert,shuffled,330
1061,Insert,shuffled,340
1062,Insert,shuffled,350
1063,Insert,shuffled,360
1064,Insert,shuffled,370
1065,Insert,shuffled,380
1066,Insert,shuffled,390
1067,Insert,shuffled,400
1068,Insert,shuffled,410
1069,Insert,shuffled,420
1070,Insert,shuffled,430
1071,Insert,shuffled,440
1072,Insert,shuffled,450
1073,Insert,shuffled,460
1074,Insert,shuffled,470
1075,Insert,shuffled,480
1076,Insert,shuffled,490
1077,Insert,shuffled,500
1078,Insert,shuffled,510
1079,Insert,shuffled,520
1080,Insert,shuffled,530
1081,Insert,shuffled,540
1082,Insert,shuffled,550
1083,Insert,shuffled,560
1084,Insert,shuffled,570
1085,Insert,shuffled,580
1086,Insert,shuffled,590
1087,Insert,shuffled,600
1088,Insert,shuffled,610
1089,Insert,shuffled,620
1090,Insert,shuffled,630
1091,Insert,shuffled,640
1092,Insert,shuffled,650
1093,Insert,shuffled,660
1094,Insert,shuffled,670
1095,Insert,shuffled,680
1096,Insert,shuffled,690
1097,Insert,shuffled,700
1098,Insert,shuffled,710
1099,Insert,shuffled,720
1100,Insert,shuffled,730
1101,Insert,shuffled,740
1102,Insert,shuffled,750
1103,Insert,shuffled,760
1104,Insert,shuffled,770
1105,Insert,shuffled,780
1106,Insert,shuffled,790
1107,Insert,shuffled,800
1108,Insert,shuffled,810
1109,Insert,shuffled,820
1110,Insert,shuffled,830
1111,Insert,shuffled,840
1112,Insert,shuffled,850
1113,Insert,shuffled,860
1114,Insert,shuffled,870
1115,Insert,shuffled,880
1116,Insert,shuffled,890
1117,Insert,shuffled,900
1118,Insert,shuffled,910
1119,Insert,shuffled,920
1120,Insert,shuffled,930
1121,Insert,shuffled,940
1122,Insert,shuffled,950
1123,Insert,shuffled,960
1124,Insert,shuffled,970
1125,Insert,shuffled,980
1126,Insert,shuffled,990
1127,Insert,shuffled,1000
1128,Insert,shuffled,1010
1129,Insert,shuffled,1020
1130,Insert,shuffled,1030
1131,Insert,shuffled,1040
1132,Insert,shuffled,1050
1133,Insert,shuffled,1060
1134,Insert,shuffled,1070
1135,Insert,shuffled,1080
1136,Insert,shuffled,1090
1137,Insert,shuffled,1100
1138,Insert,shuffled,1110
1139,Insert,shuffled,1120
1140,Insert,shuffled,1130
1141,Insert,shuffled,1140
1142,Insert,shuffled,1150
1143,Insert,shuffled,1160
1144,Insert,shuffled,1170
1145,Insert,shuffled,1180
1146,Insert,shuffled,1190
1147,Insert,shuffled,1200
1148,Insert,shuffled,1210
1149,Insert,shuffled,1220
1150,Insert,shuffled,1230
1151,Insert,shuffled,1240
1152,Insert,shuffled,1250
1153,Insert,shuffled,1260
1154,Insert,shuffled,1270
1155,Insert,shuffled,1280
1156,Insert,shuffled,1290
1157,Insert,shuffled,1300
1158,Insert,shuffled,1310
1159,Insert,shuffled,1320
1160,Insert,shuffled,1330
1161,Insert,shuffled,1340
1162,Insert,shuffled,1350
1163,Insert,shuffled,1360
1164,Insert,shuffled,1370
1165,Insert,shuffled,1380
1166,Insert,shuffled,1390
1167,Insert,shuffled,1400
1168,Insert,shuffled,1410
1169,Insert,shuffled,1420
1170,Insert,shuffled,1430
1171,Insert,shuffled,1440
1172,Insert,shuffled,1450
1173,Insert,shuffled,1460
1174,Insert,shuffled,1470
1175,Insert,shuffled,1480
1176,Insert,shuffled,1490
1177,Insert,shuffled,1500
1178,Insert,shuffled,1510
1179,Insert,shuffled,1520
1180,Insert,shuffled,1530
1181,Insert,shuffled,1540
1182,Insert,shuffled,1550
1183,Insert,shuffled,1560
1184,Insert,shuffled,1570
1185,Insert,shuffled,1580
1186,Insert,shuffled,1590
1187,Insert,shuffled,1600
1188,Insert,shuffled,1610
1189,Insert,shuffled,1620
1190,Insert,shuffled,1630
1191,Insert,shuffled,1640
1192,Insert,shuffled,1650
1193,Insert,shuffled,1660
1194,Insert,shuffled,1670
1195,Insert,shuffled,1680
1196,Insert,shuffled,1690
1197,Insert,shuffled,1700
1198,Insert,shuffled,1710
1199,Insert,shuffled,1720
1200,Insert,shuffled,1730
1201,Insert,shuffled,1740
1202,Insert,shuffled,1750
1203,Insert,shuffled,1760
1204,Insert,shuffled,1770
1205,Insert,shuffled,1780
1206,Insert,shuffled,1790
1207,Insert,shuffled,1800
1208,Insert,shuffled,1810
1209,Insert,shuffled,1820
1210,Insert,shuffled,1830
1211,Insert,shuffled,1840
1212,Insert,shuffled,1850
1213,Insert,shuffled,1860
1214,Insert,shuffled,1870
1215,Insert,shuffled,1880
1216,Insert,shuffled,1890
1217,Insert,shuffled,1900
1218,Insert,shuffled,1910
1219,Insert,shuffled,1920
1220,Insert,shuffled,1930
1221,Insert,shuffled,1940
1222,Insert,shuffled,1950
1223,Insert,shuffled,1960
1224,Insert,shuffled,1970
1225,Insert,shuffled,1980
1226,Insert,shuffled,1990
1227,Insert,shuffled,2000
1228,Insert,shuffled,2010
1229,Insert,shuffled,2020
1230,Insert,shuffled,2030
1231,Insert,shuffled,2040
1232,Insert,shuffled,2050
1233,Insert,shuffled,2060
1234,Insert,shuffled,2070
1235,Insert,shuffled,2080
1236,Insert,shuffled,2090
1237,Insert,shuffled,2100
1238,Insert,shuffled,2110
1239,Insert,shuffled,2120
1240,Insert,shuffled,2130
1241,Insert,shuffled,2140
1242,Insert,shuffled,2150
1243,Insert,shuffled,2160
1244,Insert,shuffled,2170
1245,Insert,shuffled,2180
1246,Insert,shuffled,2190
1247,Insert,shuffled,2200
1248,Insert,shuffled,2210
1249,Insert,shuffled,2220
1250,Insert,shuffled,2230
1251,Insert,shuffled,2240
1252,Insert,shuffled,2250
1253,Insert,shuffled,2260
1254,Insert,shuffled,2270
1255,Insert,shuffled,2280
1256,Insert,shuffled,2290
1257,Insert,shuffled,2300
1258,Insert,shuffled,2310
1259,Insert,shuffled,2320
1260,Insert,shuffled,2330
1261,Insert,shuffled,2340
1262,Insert,shuffled,2350
1263,Insert,shuffled,2360
1264,Insert,shuffled,2370
1265,Insert,shuffled,2380
1266,Insert,shuffled,2390
1267,Insert,shuffled,2400
1268,Insert,shuffled,2410
1269,Insert,shuffled,2420
1270,Insert,shuffled,2430
1271,Insert,shuffled,2440
1272,Insert,shuffled,2450
1273,Insert,shuffled,2460
1274,Insert,shuffled,2470
1275,Insert,shuffled,2480
1276,Insert,shuffled,2490
1277,Insert,shuffled,2500
1278,Insert,shuffled,2510
1279,Insert,shuffled,2520
1280,Insert,shuffled,2530
1281,Insert,shuffled,2540
1282,Insert,shuffled,2550
1283,Insert,shuffled,2560
1284,Insert,shuffled,2570
1285,Insert,shuffled,2580
1286,Insert,shuffled,2590
1287,Insert,shuffled,2600
1288,Insert,shuffled,2610
1289,Insert,shuffled,2620
1290,Insert,shuffled,2630
1291,Insert,shuffled,2640
1292,Insert,shuffled,2650
1293,Insert,shuffled,2660
1294,Insert,shuffled,2670
1295,Insert,shuffled,2680
1296,Insert,shuffled,2690
1297,Insert,shuffled,2700
1298,Insert,shuffled,2710
1299,Insert,shuffled,2720
1300,Insert,shuffled,2730
1301,Insert,shuffled,2740
1302,Insert,shuffled,2750
1303,Insert,shuffled,2760
1304,Insert,shuffled,2770
1305,Insert,shuffled,2780
1306,Insert,shuffled,2790
1307,Insert,shuffled,2800
1308,Insert,shuffled,2810
1309,Insert,shuffled,2820
1310,Insert,shuffled,2830
1311,Insert,shuffled,2840
1312,Insert,shuffled,2850
1313,Insert,shuffled,2860
1314,Insert,shuffled,2870
1315,Insert,shuffled,2880
1316,Insert,shuffled,2890
1317,Insert,shuffled,2900
1318,Insert,shuffled,2910
1319,Insert,shuffled,2920
1320,Insert,shuffled,2930
1321,Insert,shuffled,2940
1322,Insert,shuffled,2950
1323,Insert,shuffled,2960
1324,Insert,shuffled,2970
1325,Insert,shuffled,2980
1326,Insert,shuffled,2990
1327,Insert,shuffled,3000
1328,Insert,shuffled,3010
1329,Insert,shuffled,3020
1330,Insert,shuffled,3030
1331,Insert,shuffled,3040
1332,Insert,shuffled,3050
1333,Insert,shuffled,3060
1334,Insert,shuffled,3070
1335,Insert,shuffled,3080
1336,Insert,shuffled,3090
1337,Insert,shuffled,3100
1338,Insert,shuffled,3110
1339,Insert,shuffled,3120
1340,Insert,shuffled,3130
1341,Insert,shuffled,3140
1342,Insert,shuffled,3150
1343,Insert,shuffled,3160
1344,Insert,shuffled,3170
1345,Insert,shuffled,3180
1346,Insert,shuffled,3190
1347,Insert,shuffled,3200
1348,Insert,shuffled,3210
1349,Insert,shuffled,3220
1350,Insert,shuffled,3230
1351,Insert,shuffled,3240
1352,Insert,shuffled,3250
1353,Insert,shuffled,3260
1354,Insert,shuffled,3270
1355,Insert,shuffled,3280
1356,Insert,shuffled,3290
1357,Insert,shuffled,3300
1358,Insert,shuffled,3310
1359,Insert,shuffled,3320
1360,Insert,shuffled,3330
1361,Insert,shuffled,3340
1362,Insert,shuffled,3350
1363,Insert,shuffled,3360
1364,Insert,shuffled,3370
1365,Insert,shuffled,3380
1366,Insert,shuffled,3390
1367,Insert,shuffled,3400
1368,Insert,shuffled,3410
1369,Insert,shuffled,3420
1370,Insert,shuffled,3430
1371,Insert,shuffled,3440
1372,Insert,shuffled,3450
1373,Insert,shuffled,3460
1374,Insert,shuffled,3470
1375,Insert,shuffled,3480
1376,Insert,shuffled,3490
1377,Insert,shuffled,3500
1378,Insert,shuffled,3510
1379,Insert,shuffled,3520
1380,Insert,shuffled,3530
1381,Insert,shuffled,3540
1382,Insert,shuffled,3550
1383,Insert,shuffled,3560
1384,Insert,shuffled,3570
1385,Insert,shuffled,3580
1386,Insert,shuffled,3590
1387,Insert,shuffled,3600
1388,Insert,shuffled,3610
1389,Insert,shuffled,3620
1390,Insert,shuffled,3630
1391,Insert,shuffled,3640
1392,Insert,shuffled,3650
1393,Insert,shuffled,3660
1394,Insert,shuffled,3670
1395,Insert,shuffled,3680
1396,Insert,shuffled,3690
1397,Insert,shuffled,3700
1398,Insert,shuffled,3710
1399,Insert,shuffled,3720
1400,Insert,shuffled,3730
1401,Insert,shuffled,3740
1402,Insert,shuffled,3750
1403,Insert,shuffled,3760
1404,Insert,shuffled,3770
1405,Insert,shuffled,3780
1406,Insert,shuffled,3790
1407,Insert,shuffled,3800
1408,Insert,shuffled,3810
1409,Insert,shuffled,3820
1410,Insert,shuffled,3830
1411,Insert,shuffled,3840
1412,Insert,shuffled,3850
1413,Insert,shuffled,3860
1414,Insert,shuffled,3870
1415,Insert,shuffled,3880
1416,Insert,shuffled,3890
1417,Insert,shuffled,3900
1418,Insert,shuffled,3910
1419,Insert,shuffled,3920
1420,Insert,shuffled,3930
1421,Insert,shuffled,3940
1422,Insert,shuffled,3950
1423,Insert,shuffled,3960
1424,Insert,shuffled,3970
1425,Insert,shuffled,3980
1426,Insert,shuffled,3990
1427,Insert,shuffled,4000
1428,Insert,shuffled,4010
1429,Insert,shuffled,4020
1430,Insert,shuffled,4030
1431,Insert,shuffled,4040
1432,Insert,shuffled,4050
1433,Insert,shuffled,4060
1434,Insert,shuffled,4070
1435,Insert,shuffled,4080
1436,Insert,shuffled,4090
1437,Insert,shuffled,4100
1438,Insert,shuffled,4110
1439,Insert,shuffled,4120
1440,Insert,shuffled,4130
1441,Insert,shuffled,4140
1442,Insert,shuffled,4150
1443,Insert,shuffled,4160
1444,Insert,shuffled,4170
1445,Insert,shuffled,4180
1446,Insert,shuffled,4190
1447,Insert,shuffled,4200
1448,Insert,shuffled,4210
1449,Insert,shuffled,4220
1450,Insert,shuffled,4230
1451,Insert,shuffled,4240
1452,Insert,shuffled,4250
1453,Insert,shuffled,4260
1454,Insert,shuffled,4270
1455,Insert,shuffled,4280
1456,Insert,shuffled,4290
1457,Insert,shuffled,4300
1458,Insert,shuffled,4310
1459,Insert,shuffled,4320
1460,Insert,shuffled,4330
1461,Insert,shuffled,4340
1462,Insert,shuffled,4350
1463,Insert,shuffled,4360
1464,Insert,shuffled,4370
1465,Insert,shuffled,4380
1466,Insert,shuffled,4390
1467,Insert,shuffled,4400
1468,Insert,shuffled,4410
1469,Insert,shuffled,4420
1470,Insert,shuffled,4430
1471,Insert,shuffled,4440
1472,Insert,shuffled,4450
1473,Insert,shuffled,4460
1474,Insert,shuffled,4470
1475,Insert,shuffled,4480
1476,Insert,shuffled,4490
1477,Insert,shuffled,4500
1478,Insert,shuffled,4510
1479,Insert,shuffled,4520
1480,Insert,shuffled,4530
1481,Insert,shuffled,4540
1482,Insert,shuffled,4550
1483,Insert,shuffled,4560
1484,Insert,shuffled,4570
1485,Insert,shuffled,4580
1486,Insert,shuffled,4590
1487,Insert,shuffled,4600
1488,Insert,shuffled,4610
1489,Insert,shuffled,4620
1490,Insert,shuffled,4630
1491,Insert,shuffled,4640
1492,Insert,shuffled,4650
1493,Insert,shuffled,4660
1494,Insert,shuffled,4670
1495,Insert,shuffled,4680
1496,Insert,shuffled,4690
1497,Insert,shuffled,4700
1498,Insert,shuffled,4710
1499,Insert,shuffled,4720
1500,Insert,shuffled,4730
1501,Insert,shuffled,4740
1502,Insert,shuffled,4750
1503,Insert,shuffled,4760
1504,Insert,shuffled,4770
1505,Insert,shuffled,4780
1506,Insert,shuffled,4790
1507,Insert,shuffled,4800
1508,Insert,shuffled,4810
1509,Insert,shuffled,4820
1510,Insert,shuffled,4830
1511,Insert,shuffled,4840
1512,Insert,shuffled,4850
1513,Insert,shuffled,4860
1514,Insert,shuffled,4870
1515,Insert,shuffled,4880
1516,Insert,shuffled,4890
1517,Insert,shuffled,4900
1518,Insert,shuffled,4910
1519,Insert,shuffled,4920
1520,Insert,shuffled,4930
1521,Insert,shuffled,4940
1522,Insert,shuffled,4950
1523,Insert,shuffled,4960
1524,Insert,shuffled,4970
1525,Insert,shuffled,4980
1526,Insert,shuffled,4990
1527,Insert,shuffled,5000
1528,Insert,shuffled,5010
1529,Insert,shuffled,5020
1530,Insert,shuffled,5030
1531,Insert,shuffled,5040
1532,Insert,shuffled,5050
1533,Insert,shuffled,5060
1534,Insert,shuffled,5070
1535,Insert,shuffled,5080
1536,Insert,shuffled,5090
1537,Insert,shuffled,5100
1538,Insert,shuffled,5110
1539,Insert,shuffled,5120
1540,Insert,shuffled,5130
1541,Insert,shuffled,5140
1542,Insert,shuffled,5150
1543,Insert,shuffled,5160
1544,Insert,shuffled,5170
1545,Insert,shuffled,5180
1546,Insert,shuffled,5190
1547,Insert,shuffled,5200
1548,Insert,shuffled,5210
1549,Insert,shuffled,5220
1550,Insert,shuffled,5230
1551,Insert,shuffled,5240
1552,Insert,shuffled,5250
1553,Insert,shuffled,5260
1554,Insert,shuffled,5270
1555,Insert,shuffled,5280
1556,Insert,shuffled,5290
1557,Insert,shuffled,5300
1558,Insert,shuffled,5310
1559,Insert,shuffled,5320
1560,Insert,shuffled,5330
1561,Insert,shuffled,5340
1562,Insert,shuffled,5350
1563,Insert,shuffled,5360
1564,Insert,shuffled,5370
1565,Insert,shuffled,5380
1566,Insert,shuffled,5390
1567,Insert,shuffled,5400
1568,Insert,shuffled,5410
1569,Insert,shuffled,5420
1570,Insert,shuffled,5430
1571,Insert,shuffled,5440
1572,Insert,shuffled,5450
1573,Insert,shuffled,5460
1574,Insert,shuffled,5470
1575,Insert,shuffled,5480
1576,Insert,shuffled,5490
1577,Insert,shuffled,5500
1578,Insert,shuffled,5510
1579,Insert,shuffled,5520
1580,Insert,shuffled,5530
1581,Insert,shuffled,5540
1582,Insert,shuffled,5550
1583,Insert,shuffled,5560
1584,Insert,shuffled,5570
1585,Insert,shuffled,5580
1586,Insert,shuffled,5590
1587,Insert,shuffled,5600
1588,Insert,shuffled,5610
1589,Insert,shuffled,5620
1590,Insert,shuffled,5630
1591,Insert,shuffled,5640
1592,Insert,shuffled,5650
1593,Insert,shuffled,5660
1594,Insert,shuffled,5670
1595,Insert,shuffled,5680
1596,Insert,shuffled,5690
1597,Insert,shuffled,5700
1598,Insert,shuffled,5710
1599,Insert,shuffled,5720
1600,Insert,shuffled,5730
1601,Insert,shuffled,5740
1602,Insert,shuffled,5750
1603,Insert,shuffled,5760
1604,Insert,shuffled,5770
1605,Insert,shuffled,5780
1606,Insert,shuffled,5790
1607,Insert,shuffled,5800
1608,Insert,shuffled,5810
1609,Insert,shuffled,5820
1610,Insert,shuffled,5830
1611,Insert,shuffled,5840
1612,Insert,shuffled,5850
1613,Insert,shuffled,5860
1614,Insert,shuffled,5870
1615,Insert,shuffled,5880
1616,Insert,shuffled,5890
1617,Insert,shuffled,5900
1618,Insert,shuffled,5910
1619,Insert,shuffled,5920
1620,Insert,shuffled,5930
1621,Insert,shuffled,5940
1622,Insert,shuffled,5950
1623,Insert,shuffled,5960
1624,Insert,shuffled,5970
1625,Insert,shuffled,5980
1626,Insert,shuffled,5990
1627,Insert,shuffled,6000
1628,Insert,shuffled,6010
1629,Insert,shuffled,6020
1630,Insert,shuffled,6030
1631,Insert,shuffled,6040
1632,Insert,shuffled,6050
1633,Insert,shuffled,6060
1634,Insert,shuffled,6070
1635,Insert,shuffled,6080
1636,Insert,shuffled,6090
1637,Insert,shuffled,6100
1638,Insert,shuffled,6110
1639,Insert,shuffled,6120
1640,Insert,shuffled,6130
1641,Insert,shuffled,6140
1642,Insert,shuffled,6150
1643,Insert,shuffled,6160
1644,Insert,shuffled,6170
1645,Insert,shuffled,6180
1646,Insert,shuffled,6190
1647,Insert,shuffled,6200
1648,Insert,shuffled,6210
1649,Insert,shuffled,6220
1650,Insert,shuffled,6230
1651,Insert,shuffled,6240
1652,Insert,shuffled,6250
1653,Insert,shuffled,6260
1654,Insert,shuffled,6270
1655,Insert,shuffled,6280
1656,Insert,shuffled,6290
1657,Insert,shuffled,6300
1658,Insert,shuffled,6310
1659,Insert,shuffled,6320
1660,Insert,shuffled,6330
1661,Insert,shuffled,6340
1662,Insert,shuffled,6350
1663,Insert,shuffled,6360
1664,Insert,shuffled,6370
1665,Insert,shuffled,6380
1666,Insert,shuffled,6390
1667,Insert,shuffled,6400
1668,Insert,shuffled,6410
1669,Insert,shuffled,6420
1670,Insert,shuffled,6430
1671,Insert,shuffled,6440
1672,Insert,shuffled,6450
1673,Insert,shuffled,6460
1674,Insert,shuffled,6470
1675,Insert,shuffled,6480
1676,Insert,shuffled,6490
1677,Insert,shuffled,6500
1678,Insert,shuffled,6510
1679,Insert,shuffled,6520
1680,Insert,shuffled,6530
1681,Insert,shuffled,6540
1682,Insert,shuffled,6550
1683,Insert,shuffled,6560
1684,Insert,shuffled,6570
1685,Insert,shuffled,6580
1686,Insert,shuffled,6590
1687,Insert,shuffled,6600
1688,Insert,shuffled,6610
1689,Insert,shuffled,6620
1690,Insert,shuffled,6630
1691,Insert,shuffled,6640
1692,Insert,shuffled,6650
1693,Insert,shuffled,6660
1694,Insert,shuffled,6670
1695,Insert,shuffled,6680
1696,Insert,shuffled,6690
1697,Insert,shuffled,6700
1698,Insert,shuffled,6710
1699,Insert,shuffled,6720
1700,Insert,shuffled,6730
1701,Insert,shuffled,6740
1702,Insert,shuffled,6750
1703,Insert,shuffled,6760
1704,Insert,shuffled,6770
1705,Insert,shuffled,6780
1706,Insert,shuffled,6790
1707,Insert,shuffled,6800
1708,Insert,shuffled,6810
1709,Insert,shuffled,6820
1710,Insert,shuffled,6830
1711,Insert,shuffled,6840
1712,Insert,shuffled,6850
1713,Insert,shuffled,6860
1714,Insert,shuffled,6870
1715,Insert,shuffled,6880
1716,Insert,shuffled,6890
1717,Insert,shuffled,6900
1718,Insert,shuffled,6910
1719,Insert,shuffled,6920
1720,Insert,shuffled,6930
1721,Insert,shuffled,6940
1722,Insert,shuffled,6950
1723,Insert,shuffled,6960
1724,Insert,shuffled,6970
1725,Insert,shuffled,6980
1726,Insert,shuffled,6990
1727,Insert,shuffled,7000
1728,Insert,shuffled,7010
1729,Insert,shuffled,7020
1730,Insert,shuffled,7030
1731,Insert,shuffled,7040
1732,Insert,shuffled,7050
1733,Insert,shuffled,7060
1734,Insert,shuffled,7070
1735,Insert,shuffled,7080
1736,Insert,shuffled,7090
1737,Insert,shuffled,7100
1738,Insert,shuffled,7110
1739,Insert,shuffled,7120
1740,Insert,shuffled,7130
1741,Insert,shuffled,7140
1742,Insert,shuffled,7150
1743,Insert,shuffled,7160
1744,Insert,shuffled,7170
1745,Insert,shuffled,7180
1746,Insert,shuffled,7190
1747,Insert,shuffled,7200
1748,Insert,shuffled,7210
1749,Insert,shuffled,7220
1750,Insert,shuffled,7230
1751,Insert,shuffled,7240
1752,Insert,shuffled,7250
1753,Insert,shuffled,7260
1754,Insert,shuffled,7270
1755,Insert,shuffled,7280
1756,Insert,shuffled,7290
1757,Insert,shuffled,7300
1758,Insert,shuffled,7310
1759,Insert,shuffled,7320
1760,Insert,shuffled,7330
1761,Insert,shuffled,7340
1762,Insert,shuffled,7350
1763,Insert,shuffled,7360
1764,Insert,shuffled,7370
1765,Insert,shuffled,7380
1766,Insert,shuffled,7390
1767,Insert,shuffled,7400
1768,Insert,shuffled,7410
1769,Insert,shuffled,7420
1770,Insert,shuffled,7430
1771,Insert,shuffled,7440
1772,Insert,shuffled,7450
1773,Insert,shuffled,7460
1774,Insert,shuffled,7470
1775,Insert,shuffled,7480
1776,Insert,shuffled,7490
1777,Insert,shuffled,7500
1778,Insert,shuffled,7510
1779,Insert,shuffled,7520
1780,Insert,shuffled,7530
1781,Insert,shuffled,7540
1782,Insert,shuffled,7550
1783,Insert,shuffled,7560
1784,Insert,shuffled,7570
1785,Insert,shuffled,7580
1786,Insert,shuffled,7590
1787,Insert,shuffled,7600
1788,Insert,shuffled,7610
1789,Insert,shuffled,7620
1790,Insert,shuffled,7630
1791,Insert,shuffled,7640
1792,Insert,shuffled,7650
1793,Insert,shuffled,7660
1794,Insert,shuffled,7670
1795,Insert,shuffled,7680
1796,Insert,shuffled,7690
1797,Insert,shuffled,7700
1798,Insert,shuffled,7710
1799,Insert,shuffled,7720
1800,Insert,shuffled,7730
1801,Insert,shuffled,7740
1802,Insert,shuffled,7750
1803,Insert,shuffled,7760
1804,Insert,shuffled,7770
1805,Insert,shuffled,7780
1806,Insert,shuffled,7790
1807,Insert,shuffled,7800
1808,Insert,shuffled,7810
1809,Insert,shuffled,7820
1810,Insert,shuffled,7830
1811,Insert,shuffled,7840
1812,Insert,shuffled,7850
1813,Insert,shuffled,7860
1814,Insert,shuffled,7870
1815,Insert,shuffled,7880
1816,Insert,shuffled,7890
1817,Insert,shuffled,7900
1818,Insert,shuffled,7910
1819,Insert,shuffled,7920
1820,Insert,shuffled,7930
1821,Insert,shuffled,7940
1822,Insert,shuffled,7950
1823,Insert,shuffled,7960
1824,Insert,shuffled,7970
1825,Insert,shuffled,7980
1826,Insert,shuffled,7990
1827,Insert,shuffled,8000
1828,Insert,shuffled,8010
1829,Insert,shuffled,8020
1830,Insert,shuffled,8030
1831,Insert,shuffled,8040
1832,Insert,shuffled,8050
1833,Insert,shuffled,8060
1834,Insert,shuffled,8070
1835,Insert,shuffled,8080
1836,Insert,shuffled,8090
1837,Insert,shuffled,8100
1838,Insert,shuffled,8110
1839,Insert,shuffled,8120
1840,Insert,shuffled,8130
1841,Insert,shuffled,8140
1842,Insert,shuffled,8150
1843,Insert,shuffled,8160
1844,Insert,shuffled,8170
1845,Insert,shuffled,8180
1846,Insert,shuffled,8190
1847,Insert,shuffled,8200
1848,Insert,shuffled,8210
1849,Insert,shuffled,8220
1850,Insert,shuffled,8230
1851,Insert,shuffled,8240
1852,Insert,shuffled,8250
1853,Insert,shuffled,8260
1854,Insert,shuffled,8270
1855,Insert,shuffled,8280
1856,Insert,shuffled,8290
1857,Insert,shuffled,8300
1858,Insert,shuffled,8310
1859,Insert,shuffled,8320
1860,Insert,shuffled,8330
1861,Insert,shuffled,8340
1862,Insert,shuffled,8350
1863,Insert,shuffled,8360
1864,Insert,shuffled,8370
1865,Insert,shuffled,8380
1866,Insert,shuffled,8390
1867,Insert,shuffled,8400
1868,Insert,shuffled,8410
1869,Insert,shuffled,8420
1870,Insert,shuffled,8430
1871,Insert,shuffled,8440
1872,Insert,shuffled,8450
1873,Insert,shuffled,8460
1874,Insert,shuffled,8470
1875,Insert,shuffled,8480
1876,Insert,shuffled,8490
1877,Insert,shuffled,8500
1878,Insert,shuffled,8510
1879,Insert,shuffled,8520
1880,Insert,shuffled,8530
1881,Insert,shuffled,8540
1882,Insert,shuffled,8550
1883,Insert,shuffled,8560
1884,Insert,shuffled,8570
1885,Insert,shuffled,8580
1886,Insert,shuffled,8590
1887,Insert,shuffled,8600
1888,Insert,shuffled,8610
1889,Insert,shuffled,8620
1890,Insert,shuffled,8630
1891,Insert,shuffled,8640
1892,Insert,shuffled,8650
1893,Insert,shuffled,8660
1894,Insert,shuffled,8670
1895,Insert,shuffled,8680
1896,Insert,shuffled,8690
1897,Insert,shuffled,8700
1898,Insert,shuffled,8710
1899,Insert,shuffled,8720
1900,Insert,shuffled,8730
1901,Insert,shuffled,8740
1902,Insert,shuffled,8750
1903,Insert,shuffled,8760
1904,Insert,shuffled,8770
1905,Insert,shuffled,8780
1906,Insert,shuffled,8790
1907,Insert,shuffled,8800
1908,Insert,shuffled,8810
1909,Insert,shuffled,8820
1910,Insert,shuffled,8830
1911,Insert,shuffled,8840
1912,Insert,shuffled,8850
1913,Insert,shuffled,8860
1914,Insert,shuffled,8870
1915,Insert,shuffled,8880
1916,Insert,shuffled,8890
1917,Insert,shuffled,8900
1918,Insert,shuffled,8910
1919,Insert,shuffled,8920
1920,Insert,shuffled,8930
1921,Insert,shuffled,8940
1922,Insert,shuffled,8950
1923,Insert,shuffled,8960
1924,Insert,shuffled,8970
1925,Insert,shuffled,8980
1926,Insert,shuffled,8990
1927,Insert,shuffled,9000
1928,Insert,shuffled,9010
1929,Insert,shuffled,9020
1930,Insert,shuffled,9030
1931,Insert,shuffled,9040
1932,Insert,shuffled,9050
1933,Insert,shuffled,9060
1934,Insert,shuffled,9070
1935,Insert,shuffled,9080
1936,Insert,shuffled,9090
1937,Insert,shuffled,9100
1938,Insert,shuffled,9110
1939,Insert,shuffled,9120
1940,Insert,shuffled,9130
1941,Insert,shuffled,9140
1942,Insert,shuffled,9150
1943,Insert,shuffled,9160
1944,Insert,shuffled,9170
1945,Insert,shuffled,9180
1946,Insert,shuffled,9190
1947,Insert,shuffled,9200
1948,Insert,shuffled,9210
1949,Insert,shuffled,9220
1950,Insert,shuffled,9230
1951,Insert,shuffled,9240
1952,Insert,shuffled,9250
1953,Insert,shuffled,9260
1954,Insert,shuffled,9270
1955,Insert,shuffled,9280
1956,Insert,shuffled,9290
1957,Insert,shuffled,9300
1958,Insert,shuffled,9310
1959,Insert,shuffled,9320
1960,Insert,shuffled,9330
1961,Insert,shuffled,9340
1962,Insert,shuffled,9350
1963,Insert,shuffled,9360
1964,Insert,shuffled,9370
1965,Insert,shuffled,9380
1966,Insert,shuffled,9390
1967,Insert,shuffled,9400
1968,Insert,shuffled,9410
1969,Insert,shuffled,9420
1970,Insert,shuffled,9430
1971,Insert,shuffled,9440
1972,Insert,shuffled,9450
1973,Insert,shuffled,9460
1974,Insert,shuffled,9470
1975,Insert,shuffled,9480
1976,Insert,shuffled,9490
1977,Insert,shuffled,9500
1978,Insert,shuffled,9510
1979,Insert,shuffled,9520
1980,Insert,shuffled,9530
1981,Insert,shuffled,9540
1982,Insert,shuffled,9550
1983,Insert,shuffled,9560
1984,Insert,shuffled,9570
1985,Insert,shuffled,9580
1986,Insert,shuffled,9590
1987,Insert,shuffled,9600
1988,Insert,shuffled,9610
1989,Insert,shuffled,9620
1990,Insert,shuffled,9630
1991,Insert,shuffled,9640
1992,Insert,shuffled,9650
1993,Insert,shuffled,9660
1994,Insert,shuffled,9670
1995,Insert,shuffled,9680
1996,Insert,shuffled,9690
1997,Insert,shuffled,9700
1998,Insert,shuffled,9710
1999,Insert,shuffled,9720
2000,Insert,shuffled,9730
2001,Insert,shuffled,9740
2002,Insert,shuffled,9750
2003,Insert,shuffled,9760
2004,Insert,shuffled,9770
2005,Insert,shuffled,9780
2006,Insert,shuffled,9790
2007,Insert,shuffled,9800
2008,Insert,shuffled,9810
2009,Insert,shuffled,9820
2010,Insert,shuffled,9830
2011,Insert,shuffled,9840
2012,Insert,shuffled,9850
2013,Insert,shuffled,9860
2014,Insert,shuffled,9870
2015,Insert,shuffled,9880
2016,Insert,shuffled,9890
2017,Insert,shuffled,9900
2018,Insert,shuffled,9910
2019,Insert,shuffled,9920
2020,Insert,shuffled,9930
2021,Insert,shuffled,9940
2022,Insert,shuffled,9950
2023,Insert,shuffled,9960
2024,Insert,shuffled,9970
2025,Insert,shuffled,9980
2026,Insert,shuffled,9990
2027,Insert,shuffled,10000
2028,Insert,shuffled,20000
2029,Insert,shuffled,30000
2030,Insert,shuffled,40000
2031,Insert,shuffled,50000
2032,Insert,shuffled,60000
2033,Insert,shuffled,70000
2034,Insert,shuffled,80000
2035,Insert,shuffled,90000
2036,Insert,shuffled,100000
